arrows_id,caption,label,bfguid,version,createdon,createdby
n0,Projects,Projects,d83f3e8c-576e-4633-895c-e40b323e4a96,mdr_test,20260215.171058,mdr_test
n1,bimforce demo,Department,c644ecb9-9fd1-41e3-94fe-05e1f84c7075,mdr_test,20260215.171058,mdr_test
n2,My First Testproj…,Project,4baed476-44d0-42e0-8e5d-1a03e8d720be,mdr_test,20260215.171058,mdr_test
n3,Janssen de Jong,Company,3044dc9d-53a1-4bbd-8fa5-8bcde0c4d1f9,mdr_test,20260215.171058,mdr_test
n4,TOs,Tos,4d126093-b68e-41c0-bf4b-71654cf6736d,mdr_test,20260215.171058,mdr_test
n5,Labels,Labels,535ab9a3-7350-4f35-9071-c45a5c233cbd,mdr_test,20260215.171058,mdr_test
n6,Models,Models,05948403-53d8-4096-a6b3-04e1eaacff90,mdr_test,20260215.171058,mdr_test
n7,Documents,Documents,db9efdd3-df47-4350-ad4d-35af2df41ea6,mdr_test,20260215.171058,mdr_test
n8,Properties,Properties,a51cddd6-70b7-4260-b63e-41aa1682619b,mdr_test,20260215.171058,mdr_test
n9,Classifications…,Classificationsets,bb1c55a5-4db8-4e35-a499-9395b859153e,mdr_test,20260215.171058,mdr_test
n10,Exports,Exports,77846572-6db9-4c1a-b4ec-94d2553c8c86,mdr_test,20260215.171058,mdr_test
n11,Filters,Filters,aad813c3-d768-4d2a-a748-11c463043dd7,mdr_test,20260215.171058,mdr_test
n12,Objects,Objects,1c482ff5-0cfa-4976-b934-50fee9c02228,mdr_test,20260215.171058,mdr_test
n13,Mappings,Mappings,e88e4d5a-968b-43d9-8d6d-90dbee518f52,mdr_test,20260215.171058,mdr_test
n14,Requirements,Requirements,cba6e6a3-4d6b-4aa1-9f68-28ddf7f7da5f,mdr_test,20260215.171058,mdr_test
n15,Objectset,Objectset,5c750551-b543-440b-9127-b71e20c8792c,mdr_test,20260215.171058,mdr_test
n16,Objectd…,Property,61982879-79b2-4af3-8207-7b073ea3a6eb,mdr_test,20260215.171058,mdr_test
n17,Object,Objecttemplate,909859a8-f89f-4d29-81e0-149194d37117,mdr_test,20260215.171058,mdr_test
n18,Objectd…,Property,5809173a-becf-4845-a1f7-5ceb0bd1e3a3,mdr_test,20260215.171058,mdr_test
n19,Objectd…,Value,5ee0a49b-771b-4602-be88-9da81cc15cb4,mdr_test,20260215.171058,mdr_test
n20,Settings voor de object,Value,a7a2d366-2b3c-4484-bec4-19957f61903d,mdr_test,20260215.171058,mdr_test
n21,Requireme…,Requirementset,5bd98298-0b72-42b6-8457-04aeb4a204ee,mdr_test,20260215.171058,mdr_test
n22,Require…,Requirementtemplate,8759dc13-fd44-44f6-9997-24ac926a259a,mdr_test,20260215.171058,mdr_test
n23,Object,Object,17f2db6b-7bde-4557-b6ba-ed89f16209f7,mdr_test,20260215.171058,mdr_test
n24,Objectd…,Property,8efc8227-59e6-4c37-a51a-427ef0525344,mdr_test,20260215.171058,mdr_test
n25,Bimforce workflows,Labelset,373413f6-6c13-40ed-8713-6bb25723ae3b,mdr_test,20260215.171058,mdr_test
n26,Products,Labelset,b9860ba7-c183-43dd-8c8c-021596287a25,mdr_test,20260215.171058,mdr_test
n27,TO,Labeltemplate,8af98e1d-5a51-48f4-86f4-988d93df65e0,mdr_test,20260215.171058,mdr_test
n28,Ruimtea…,Labeltemplate,ed2d0ef5-fb76-4644-9545-dc9f2b084170,mdr_test,20260215.171058,mdr_test
n29,Kleur- en Materi…,Labeltemplate,2bec4fa9-52e5-487b-bde3-01f0c30f1eb5,mdr_test,20260215.171058,mdr_test
n30,Manual export,Labeltemplate,c12fbc9e-781d-4618-abf5-6cc2086541b3,mdr_test,20260215.171058,mdr_test
n31,ExportSet,Exportset,16552dc0-bb00-4148-92e4-10cb0a90d776,mdr_test,20260215.171058,mdr_test
n32,TO,Exporttemplate,b9b08374-e81f-4136-b9df-03c33a9f3798,mdr_test,20260215.171058,mdr_test
n33,Kleur- en Materi…,Exporttemplate,0e9cd64d-45ed-4fcb-8134-a6241ddb666c,mdr_test,20260215.171058,mdr_test
n34,Ruimte afwerks…,Exporttemplate,bb976e92-f0db-4532-9ca8-8a22ea0c7d8e,mdr_test,20260215.171058,mdr_test
n35,Introduct…,Property,e18b6538-e2f8-4d71-b059-228391da63aa,mdr_test,20260215.171058,mdr_test
n36,Created…,Property,01b63c0c-cf90-4e04-8f9c-27746b71cfb1,mdr_test,20260215.171058,mdr_test
n37,Checke…,Property,0f38773a-8ffa-4b99-8669-79dd60c0bd66,mdr_test,20260215.171058,mdr_test
n38,Version…,Property,d4003ee8-ed5f-482c-8f3b-8a8057785176,mdr_test,20260215.171058,mdr_test
n39,Version,Property,24928d61-9328-46fe-a90f-82ebdc1036b9,mdr_test,20260215.171058,mdr_test
n40,Status,Property,14811a24-da09-4dc5-a024-1edc2e77d37c,mdr_test,20260215.171058,mdr_test
n41,Compon…,Property,2868b260-1db8-4611-ade7-bcbbd89dd475,mdr_test,20260215.171058,mdr_test
n42,Compon…,Property,98ac488c-656c-4a2b-ad16-b88a3d88412a,mdr_test,20260215.171058,mdr_test
n43,Default Introud…,Value,7046ce8c-334b-4cc8-9ea0-b8028264c286,mdr_test,20260215.171058,mdr_test
n44,12345,Value,e672f32b-83de-41ab-b733-a1048bd4a7c0,mdr_test,20260215.171058,mdr_test
n45,Martijn de Riet,Value,7454ca73-04b1-4bbf-9707-4643c0596383,mdr_test,20260215.171058,mdr_test
n46,01-02-2…,Value,1389cfac-90f3-4676-bf86-95052ad069e9,mdr_test,20260215.171058,mdr_test
n47,01 Name,Value,6e406b8a-5508-4c0e-b1a4-9e42f5d083fa,mdr_test,20260215.171058,mdr_test
n48,02 Type,Value,1b6e5032-b72a-4861-a05e-8cd890e4beb1,mdr_test,20260215.171058,mdr_test
n49,Definitief,Value,b1036122-8999-4003-b5a2-a2f180f8dbbf,mdr_test,20260215.171058,mdr_test
n50,Robbert Ploegm…,Value,2d0694ce-995e-4e52-8e84-bf0380fad93a,mdr_test,20260215.171058,mdr_test
n51,Phase,Property,ed5a1c21-f668-4a1e-87f0-843d1e3d5e5a,mdr_test,20260215.171058,mdr_test
n52,Author,Property,25de7fcf-211d-465c-ac46-ab56fc955ccf,mdr_test,20260215.171058,mdr_test
n53,Status,Property,1bb27fff-1e3f-4f6e-a49a-af7762dc8d40,mdr_test,20260215.171058,mdr_test
n54,Version…,Property,bf2c1aca-a802-497b-94b4-f04b19266c89,mdr_test,20260215.171058,mdr_test
n55,Document,Property,3e7d118b-ce76-4bd2-8d18-1a2f96597f10,mdr_test,20260215.171058,mdr_test
n56,Version,Property,3fa05bbf-bf81-4761-8ebc-33b53475c7c8,mdr_test,20260215.171058,mdr_test
n57,Voorlopig,Value,b352790e-74f1-4cbe-8948-38419733c258,mdr_test,20260215.171058,mdr_test
n58,1.0,Value,e853bda6-fa46-4c0b-8fa5-2596bd212085,mdr_test,20260215.171058,mdr_test
n59,Martijn de Riet,Value,39d27dde-d0e3-4193-af17-f6a8b19c7467,mdr_test,20260215.171058,mdr_test
n60,Default Phase,Value,aa3392a9-b6f5-46ea-9799-2767376aa0c1,mdr_test,20260215.171058,mdr_test
n61,12345,Value,35299a10-cc52-4158-8aad-8f5f6ffcb12b,mdr_test,20260215.171058,mdr_test
n62,01-02-2…,Value,72df00b8-f12a-4c8d-ba5b-7181226a01db,mdr_test,20260215.171058,mdr_test
n63,Author,Property,7895dd69-9085-4822-9118-70bc037ea44d,mdr_test,20260215.171058,mdr_test
n64,Status,Property,48612caf-470e-49ef-b206-a298992f507b,mdr_test,20260215.171058,mdr_test
n65,Version…,Property,a83c74d0-f2fb-434e-94a8-634c06dc971d,mdr_test,20260215.171058,mdr_test
n66,Version,Property,4d6b18d9-1634-40e6-803d-5d8b5bb1526e,mdr_test,20260215.171058,mdr_test
n67,Compon…,Property,56b18a5e-c42c-48ca-b29a-f2e2c047b44e,mdr_test,20260215.171058,mdr_test
n68,Compon…,Property,2f6bdfe5-c3e1-4f8b-8500-547a983c1b10,mdr_test,20260215.171058,mdr_test
n69,Compon…,Property,3fdb7f79-3e72-413b-882a-df862b48785c,mdr_test,20260215.171058,mdr_test
n70,Phase,Property,ee713063-b320-4007-ab18-72bde7f6ace9,mdr_test,20260215.171058,mdr_test
n71,1.0,Value,2c216ab2-6375-45a0-8758-b4b8bafec019,mdr_test,20260215.171058,mdr_test
n72,Martijn de Riet,Value,35a8bbfa-fe6f-4ffc-926a-e3f0c946be51,mdr_test,20260215.171058,mdr_test
n73,01-02-2…,Value,63a23911-0066-4967-8c8a-219e6eec5e17,mdr_test,20260215.171058,mdr_test
n74,03 Name,Value,5d65b7e6-945c-4672-a04f-a025d6e6e731,mdr_test,20260215.171058,mdr_test
n75,Default Phase,Value,80a00eaa-569c-4378-94de-ebc6f16edf6c,mdr_test,20260215.171058,mdr_test
n76,01 Oppervl…,Value,9d0eac79-0082-491b-abd1-bc9730089942,mdr_test,20260215.171058,mdr_test
n77,04 Nummer,Value,1053ef10-5185-4c0e-a91d-84ee153c11cb,mdr_test,20260215.171058,mdr_test
n78,Voorlopig,Value,3e4a7abc-c2eb-4bf0-b911-07d275972baa,mdr_test,20260215.171058,mdr_test
n79,TO,Classificationsetset,a589b63d-8208-44e0-beb4-d73972570638,mdr_test,20260215.171058,mdr_test
n80,DocumentSet,Documentset,b852f509-94bc-4d96-855a-9ef2269d343b,mdr_test,20260215.171058,mdr_test
n81,Testdoc…,Documenttemplate,04fc05d7-a8b6-4bc6-8b2c-0b7cf848f008,mdr_test,20260215.171058,mdr_test
n82,Testdoc…,Documenttemplate,3bb172e8-afb2-4365-96c9-323f2126935d,mdr_test,20260215.171058,mdr_test
n83,filetype,Property,4779a215-4b34-4b28-8422-1199194b4b6f,mdr_test,20260215.171058,mdr_test
n84,filelocati…,Property,eed51e6a-231e-42b8-87b5-2a727dd26d27,mdr_test,20260215.171058,mdr_test
n85,filetype,Property,961ff416-3c66-4de3-9f43-7daf5b4c70b6,mdr_test,20260215.171058,mdr_test
n86,filelocati…,Property,07618af2-3b30-4562-ba8c-0478448f8849,mdr_test,20260215.171058,mdr_test
n87,filetype,Property,45e050ca-b839-4981-ae8d-ec2048f2a479,mdr_test,20260215.171058,mdr_test
n88,filelocati…,Property,9a5ad114-460f-459e-ae26-46a0ac7a502c,mdr_test,20260215.171058,mdr_test
n89,url naar bestand 2,Value,d3345916-e8c7-48e5-8d28-0165bdc9207d,mdr_test,20260215.171058,mdr_test
n90,url naar bestand 3,Value,becf41e2-a4cd-45d5-8b37-02d358f49758,mdr_test,20260215.171058,mdr_test
n91,docx,Value,ef801398-2149-4406-9c44-82dbfe3d7bac,mdr_test,20260215.171058,mdr_test
n92,xlsx,Value,14ffa587-f1a7-4cc6-9640-95cc7c890ee6,mdr_test,20260215.171058,mdr_test
n93,url naar bestand,Value,6c5f26da-d7ee-48fb-a35c-5d5ac18af5cd,mdr_test,20260215.171058,mdr_test
n94,pdf,Value,bbd32e55-00f9-4ff2-a1f2-7b36621cdf42,mdr_test,20260215.171058,mdr_test
n95,ModelSet,Modelset,3ee4cf50-a955-402a-888f-de48de0416f1,mdr_test,20260215.171058,mdr_test
n96,BWK,Modeltemplate,75744f02-2e77-4029-a26f-97ceb944e211,mdr_test,20260215.171058,mdr_test
n97,CON,Modeltemplate,dd8cfad0-a7d3-4300-b285-3c3780373b85,mdr_test,20260215.171058,mdr_test
n98,bimsync…,Property,fdf48235-8459-4d46-b2bd-d0e11e6aadcd,mdr_test,20260215.171058,mdr_test
n99,type,Property,17488ac9-059e-4155-bae5-77be40e8218b,mdr_test,20260215.171058,mdr_test
n100,IFC,Value,ae06496c-728c-42a6-985b-92d5ae7f6205,mdr_test,20260215.171058,mdr_test
n101,dummy guid,Value,5ea2ba65-c493-45c6-9fd4-ed2032d582d8,mdr_test,20260215.171058,mdr_test
n102,bimsync…,Property,67d9c003-7b83-420e-91ae-59f5ba6662cf,mdr_test,20260215.171058,mdr_test
n103,type,Property,81179be5-84c3-46f2-baf9-79c7aaee0732,mdr_test,20260215.171058,mdr_test
n104,dummy guid2,Value,ef533ade-d496-4db0-9f19-914666884bb8,mdr_test,20260215.171058,mdr_test
n105,IFC,Value,4ff5f71f-6fb7-4030-8e1a-b921acb8a386,mdr_test,20260215.171058,mdr_test
n106,Basisproper…,IfcPropertyset,e97dc440-c487-4593-9be1-730f0d760f15,mdr_test,20260215.171058,mdr_test
n107,Basisfilters,Filterset,e344c274-ea89-4f03-ac46-a36ff02fad70,mdr_test,20260215.171058,mdr_test
n108,TO,Filterset,d4410701-ae72-444e-bd40-88b50986779d,mdr_test,20260215.171058,mdr_test
n109,Property…,Filtertemplate,96be8025-5527-4f40-ad21-e9605abcb8da,mdr_test,20260215.171058,mdr_test
n110,Filterdata,Property,7c9a099d-7a70-4936-b379-4b1ed566ec9f,mdr_test,20260215.171058,mdr_test
n111,Settings voor de filter,Value,70eef8a1-7a4a-485d-ac15-aab4269467ca,mdr_test,20260215.171058,mdr_test
n112,IfcDescri…,Filtertemplate,179afdfc-9827-4980-a261-c85464f7cff9,mdr_test,20260215.171058,mdr_test
n113,IfcName,Filtertemplate,62c8bbcf-282c-4a46-bd0b-a9e511883ba4,mdr_test,20260215.171058,mdr_test
n114,IfcClass,Filtertemplate,58d1c86d-9245-495d-a37d-200a03c533ad,mdr_test,20260215.171058,mdr_test
n115,Spatial,Filtertemplate,22dc66f4-4195-491a-a9ba-8e64b2f7ac4e,mdr_test,20260215.171058,mdr_test
n116,Property,Filtertemplate,81e43fe6-28d0-4df5-8838-f8558c6d4815,mdr_test,20260215.171058,mdr_test
n117,IfcClassi…,Filtertemplate,3e4442bd-3d0f-4998-9f1f-6e39b9a2c9f7,mdr_test,20260215.171058,mdr_test
n118,Filterdata,Property,94b0976f-6a2f-4910-b59b-f96354f2b019,mdr_test,20260215.171058,mdr_test
n119,Settings voor de filter,Value,ac4068e0-6b55-4397-b31f-36daf62b8de8,mdr_test,20260215.171058,mdr_test
n120,Filterdata,Property,476af690-730d-4d61-b2b8-6ef8ccfcf898,mdr_test,20260215.171058,mdr_test
n121,Settings voor de filter,Value,37593025-81cd-464f-b14a-92e98679e93c,mdr_test,20260215.171058,mdr_test
n122,Filterdata,Property,4bf35729-f3a5-4780-a103-1946f3039b8d,mdr_test,20260215.171058,mdr_test
n123,Settings voor de filter,Value,963a08a9-330b-45d4-bbe2-499520bb9047,mdr_test,20260215.171058,mdr_test
n124,Filterdata,Property,822f4884-318a-41d7-b107-3d105cf7c5df,mdr_test,20260215.171058,mdr_test
n125,Settings voor de filter,Value,5ecbc865-aa9d-4344-a2b5-6ab82eee363a,mdr_test,20260215.171058,mdr_test
n126,Filterdata,Property,9f61479f-6665-4c39-8d58-2b926a85c030,mdr_test,20260215.171058,mdr_test
n127,Settings voor de filter,Value,b6511f5f-8347-47c3-8b85-fd58773bcb93,mdr_test,20260215.171058,mdr_test
n128,Filterdata,Property,f2bc62a0-96b8-423e-8ed2-9eaa055ae6dd,mdr_test,20260215.171058,mdr_test
n129,Settings voor de filter,Value,27d63f15-1327-423b-8f39-f4ee7d05a1b4,mdr_test,20260215.171058,mdr_test
n130,TOSet,Toset,5a01c16a-6d0a-4693-a5a1-10366182c287,mdr_test,20260215.171058,mdr_test
n131,Ontwikk…,Totemplate,30028e2e-9ecc-43f9-a762-17072f7c8db5,mdr_test,20260215.171058,mdr_test
n132,Manual Export,Totemplate,7f66e89b-9674-4cc9-98b0-268ab6493553,mdr_test,20260215.171058,mdr_test
n133,Node_133,Image,3d0bdffe-33c5-4b7c-9757-d9d84ccfe0e6,mdr_test,20260215.171058,mdr_test
n134,Number,Property,38de937b-d667-4488-8569-c3ec7bb78741,mdr_test,20260215.171058,mdr_test
n135,Documenten,Documents,32badbe4-a557-432b-ad79-665b364365a4,mdr_test,20260215.171058,mdr_test
n136,Classificatiebo…,Tos,a8d9dd15-9903-435f-9189-cce5a249c52d,mdr_test,20260215.171058,mdr_test
n137,Requirements,Requirements,5c2baf09-2850-47ec-a8f0-067a673abb66,mdr_test,20260215.171058,mdr_test
n138,Models,Models,a509e338-5f15-42dc-8b28-d6cb9ed46924,mdr_test,20260215.171058,mdr_test
n139,Users,Users,0f120715-4509-4a9c-9f1d-37a44f624ae1,mdr_test,20260215.171058,mdr_test
n140,IsBimsy…,Property,0feb39f5-9ccf-4866-9f03-7b621f185de7,mdr_test,20260215.171058,mdr_test
n141,IsFavorite,Property,fb5cea85-7f5f-49ea-b254-f1d374773ef0,mdr_test,20260215.171058,mdr_test
n142,Filters,Filters,ef29befb-1419-45cd-93eb-a63f860888b0,mdr_test,20260215.171058,mdr_test
n143,Objects,Objects,8d197935-d371-420d-877d-0084ece77d30,mdr_test,20260215.171058,mdr_test
n144,Labels,Labels,9e3c9712-09e4-411a-9b80-3de481dc0a29,mdr_test,20260215.171058,mdr_test
n145,HasModel,Property,8f632123-0a99-4eda-bc9d-368236320c57,mdr_test,20260215.171058,mdr_test
n146,Eigenschappen,Properties,89c7b96c-8055-4e59-b800-816119e8fe7d,mdr_test,20260215.171058,mdr_test
n147,IsArchiv…,Property,089e9024-994a-4136-bcda-77da7e7ae938,mdr_test,20260215.171058,mdr_test
n148,Template,Property,e3095443-4e6d-4161-a50a-37b71a87d340,mdr_test,20260215.171058,mdr_test
n149,Mappings,Mappings,155d4428-0341-4ccb-a080-4dc110c98ead,mdr_test,20260215.171058,mdr_test
n150,Exports,Exports,44285aac-6977-4d2c-9d1a-4fa1510b8752,mdr_test,20260215.171058,mdr_test
n151,Mappings,Mappingset,49f2432d-fcba-431c-9672-3d540c8baf49,mdr_test,20260215.171058,mdr_test
n152,Basisfilters,Mappingset,b17a0147-6ead-4369-b5ca-1516129d4ea8,mdr_test,20260215.171058,mdr_test
n153,IfcClass,Mappingset,c1397236-40af-4850-b01e-39bf23d25774,mdr_test,20260215.171058,mdr_test
n154,Classification,Mappingset,5ffc0686-85ba-4eb0-b904-e68e6076809e,mdr_test,20260215.171058,mdr_test
n155,IfcDescri…,Mappingtemplate,f4006b52-d298-408d-ae7c-98319e1544da,mdr_test,20260215.171058,mdr_test
n156,IfcClass,Mappingtemplate,a517dbdd-cbd3-4f48-9838-5ecf52254105,mdr_test,20260215.171058,mdr_test
n157,IfcName,Mappingtemplate,7cb497d2-9fc0-4115-b467-efd39ed399c7,mdr_test,20260215.171058,mdr_test
n158,02 Type,Mappingtemplate,b221a4d9-cdc7-4308-87d9-e1545983b3b9,mdr_test,20260215.171058,mdr_test
n159,Spatial,Mappingtemplate,a7871531-bba3-4673-a841-5cd27a314dd8,mdr_test,20260215.171058,mdr_test
n160,Classific…,Mappingtemplate,6949056f-1846-42e0-b73a-c7ff76a0d0b7,mdr_test,20260215.171058,mdr_test
n161,IfcPrope…,Mappingtemplate,7cf13ec9-a627-41af-9d5b-a0405d780535,mdr_test,20260215.171058,mdr_test
n162,IfcProject,Mappingtemplate,6f399f18-9b03-44ee-aee2-2d0803de1e3d,mdr_test,20260215.171058,mdr_test
n163,00.00,Mappingtemplate,3f79d834-238a-4a3c-91f7-e85b4faed14a,mdr_test,20260215.171058,mdr_test
n164,IfcClass,Filter,38d93a29-d5a1-43cf-ae40-63b810bfeabc,mdr_test,20260215.171058,mdr_test
n165,Filterdata,Property,06862c93-cf0c-4f75-9d62-b1b301217102,mdr_test,20260215.171058,mdr_test
n166,Settings voor de filter,Value,d928a033-7030-4b9f-b938-ce384a936d79,mdr_test,20260215.171058,mdr_test
n167,IfcClassi…,Filter,b0618f75-e821-4093-9550-615d1c4f79dc,mdr_test,20260215.171058,mdr_test
n168,Filterdata,Property,76e43469-fb98-48e6-be71-5dca39501ff3,mdr_test,20260215.171058,mdr_test
n169,IfcName,Filter,96ac1649-dcbd-4ea8-9c5f-6013471fb7d1,mdr_test,20260215.171058,mdr_test
n170,02 Type,Filter,dd181483-e710-43cb-a869-dab6622001e9,mdr_test,20260215.171058,mdr_test
n171,Spatial,Filter,a9763b8a-ff22-4902-ae46-43a1e30b6a90,mdr_test,20260215.171058,mdr_test
n172,01 Name,Filter,be730d60-7c27-4c90-823a-88fa077de591,mdr_test,20260215.171058,mdr_test
n173,IfcDescri…,Filter,33dfadc3-aaf9-4cf4-852f-47296f7f9a57,mdr_test,20260215.171058,mdr_test
n174,Filterdata,Property,40009bff-010c-439a-94f1-757723afdf4d,mdr_test,20260215.171058,mdr_test
n175,Filterdata,Property,b8d83018-b0a4-4e0f-8b3f-8e9137039ce4,mdr_test,20260215.171058,mdr_test
n176,Filterdata,Property,9bd6e4fb-e65e-4ecf-be36-32940a6c464a,mdr_test,20260215.171058,mdr_test
n177,Filterdata,Property,dcfa39f8-8660-4bf5-bd7a-52fc1cc92e5d,mdr_test,20260215.171058,mdr_test
n178,Filterdata,Property,7da1869b-c54e-48a2-bbec-eff9a31c5452,mdr_test,20260215.171058,mdr_test
n179,Settings voor de filter,Value,1de9d8c2-0552-4681-bf07-ad2e5e89b40e,mdr_test,20260215.171058,mdr_test
n180,Settings voor de filter,Value,ced7aee6-fadc-4967-b52b-00e26933dfd0,mdr_test,20260215.171058,mdr_test
n181,Settings voor de filter,Value,96eb5043-c676-4870-8a7f-8c2442a5b1c8,mdr_test,20260215.171058,mdr_test
n182,Settings voor de filter,Value,5443d171-1a08-4e8f-9e30-9c66a147f4e0,mdr_test,20260215.171058,mdr_test
n183,Settings voor de filter,Value,dc270315-7554-450c-bccf-60481ec6d102,mdr_test,20260215.171058,mdr_test
n184,Settings voor de filter,Value,89b7b133-d0ec-43b4-bbcd-1c37311ac5f2,mdr_test,20260215.171058,mdr_test
n185,IfcClass,Filter,fc569109-714e-4b21-a820-9d829b4bc196,mdr_test,20260215.171058,mdr_test
n186,IfcClassi…,Filter,602328e6-6ae2-493c-87a7-7cad5facdd4c,mdr_test,20260215.171058,mdr_test
n187,Filterdata,Property,9f3a973a-7c92-49d7-96dc-12415d4c2e66,mdr_test,20260215.171058,mdr_test
n188,Settings voor de filter,Value,032ab5cd-d360-486e-affc-6b4d47dd7fc7,mdr_test,20260215.171058,mdr_test
n189,Filterdata,Property,65c335f4-7c64-4fbc-8c09-276a3433a02a,mdr_test,20260215.171058,mdr_test
n190,Settings voor de filter,Value,2237b638-3466-4ea5-900a-95970ea39538,mdr_test,20260215.171058,mdr_test
n191,Generic,Classificationsetset,a78479d2-4310-472b-95ea-3be8c028500a,mdr_test,20260215.171058,mdr_test
n192,Ruimteboom,Classificationsetset,1018ccf8-4fb7-4f50-a15b-7f5d01869219,mdr_test,20260215.171058,mdr_test
n193,00.00 Coordin…,Classificationsettemplate,91072bab-0fa1-4d04-ab8b-d194beb84c5f,mdr_test,20260215.171058,mdr_test
n194,IfcName,Mapping,dc315bb8-b9f4-4423-8d95-954f917ea984,mdr_test,20260215.171058,mdr_test
n195,Kavel Oppervl…,Property,a47ab217-9c18-4d66-8408-bd6e34ef7120,mdr_test,20260215.171058,mdr_test
n196,23452e5…,Manualoverride,487a150f-9e68-4b86-9788-be20086eedb5,mdr_test,20260215.171058,mdr_test
n197,TO,Label,71dd0df0-9c61-444c-912a-369fc2c09aaa,mdr_test,20260215.171058,mdr_test
n198,Name,Filter,f440ae01-15ed-4375-b875-7c8295748353,mdr_test,20260215.171058,mdr_test
n199,Filterdata,Property,0f0a1186-c862-4023-ac45-c196688ca5fe,mdr_test,20260215.171058,mdr_test
n200,IfcClass - Ifcspace,Classificationsettemplate,135b0c5c-b9d7-41fd-bcf8-621e196fb6d7,mdr_test,20260215.171058,mdr_test
n201,Ruimte afwerk staat,Classificationsettemplate,e8bafa73-974d-448e-8820-34f498977105,mdr_test,20260215.171058,mdr_test
n202,Aantal personen,Property,53099296-9dd6-4768-b375-0fd43cca8deb,mdr_test,20260215.171058,mdr_test
n203,Gebruik…,Property,231c9070-accd-4eb7-a3d5-52dc905754eb,mdr_test,20260215.171058,mdr_test
n204,302e95b…,Manualoverride,29e829ad-a15f-45b6-8242-a77633dc213a,mdr_test,20260215.171058,mdr_test
n205,standaard,Mapping,be2d3c13-72c3-46b0-98b0-0ab63279042d,mdr_test,20260215.171058,mdr_test
n206,1,Value,615ffc26-20ea-47c9-8750-3c68438fd9de,mdr_test,20260215.171058,mdr_test
n207,True,Value,10c17a65-7182-46c5-be05-1bc084765380,mdr_test,20260215.171058,mdr_test
n208,4e3c190…,Manualoverride,eb252562-9ec7-4a28-a3e4-b02eea38413d,mdr_test,20260215.171058,mdr_test
n209,IfcClass,Mapping,5425780b-9de1-4e75-9709-6bb32124fc8f,mdr_test,20260215.171058,mdr_test
n210,TO,Label,5f49d10e-d132-4b10-8c7f-bba8734a3bf1,mdr_test,20260215.171058,mdr_test
n211,Afwerking,Property,e8b043a1-ee58-4812-86e4-3863df9420e2,mdr_test,20260215.171058,mdr_test
n212,Vul een afwerking in,Value,f65f6959-523d-4b52-9b64-87481948ca2e,mdr_test,20260215.171058,mdr_test
n213,IfcClass,Filter,77dc8b58-3470-491a-b3e4-1415dfd9fa56,mdr_test,20260215.171058,mdr_test
n214,Filterdata,Property,071e54a5-8e20-40ef-a555-c647a689f5f7,mdr_test,20260215.171058,mdr_test
n215,Settings voor de filter,Value,58581f6e-8883-44a8-819a-06543ae72f08,mdr_test,20260215.171058,mdr_test
n216,IsShared,Property,577f9eb9-ac57-4b74-b507-c2df6e42435c,mdr_test,20260215.171058,mdr_test
n217,IsPrivate,Property,899be6e4-1f78-474f-92e2-35cc976c62e2,mdr_test,20260215.171058,mdr_test
n218,Leeg,Classification,ed4b5926-f94b-4dce-9471-55dc9f7a7dcf,mdr_test,20260215.171058,mdr_test
n219,start,Classification,ec4b92e3-e2be-401a-a8dc-74744bc867a3,mdr_test,20260215.171058,mdr_test
n220,Manual selection of ele…,Classificationset,e7d13a5b-67a0-4a80-9ad6-9cc5c4ea0494,mdr_test,20260215.171058,mdr_test
n221,718f7d6…,Manualoverride,8d6452aa-642b-4aa6-8097-3e1b20022d56,mdr_test,20260215.171058,mdr_test
n222,standaard,Mapping,8757f887-832c-4336-9ecd-f97ed8fa3152,mdr_test,20260215.171058,mdr_test
n223,Manual export,Label,a7a8feaa-7e81-4c16-a398-ec566844a966,mdr_test,20260215.171058,mdr_test
n224,false,Value,52334310-3b43-4c57-8fa3-fcf81823e469,mdr_test,20260215.171058,mdr_test
n225,false,Value,fc7de02d-6a32-451f-890e-be5f184ba597,mdr_test,20260215.171058,mdr_test
n226,IsShared,Property,73ca7964-d02f-47e3-8d64-203fc49b1f24,mdr_test,20260215.171058,mdr_test
n227,IsPrivate,Property,9c243020-ef81-4c42-a7b8-cd048fc73eb4,mdr_test,20260215.171058,mdr_test
n228,Classific…,Classification,880e3798-34b1-4950-84e3-7811fd37cc53,mdr_test,20260215.171058,mdr_test
n229,start,Classification,8530fce6-450f-467b-aeb9-9360cd1cb52c,mdr_test,20260215.171058,mdr_test
n230,Algemeen,Classificationset,80c70f77-66f6-44d9-a6ba-0159f54d045c,mdr_test,20260215.171058,mdr_test
n231,BUVA,Label,b39c1e7b-4721-4fa2-ab7a-6c88a0797768,mdr_test,20260215.171058,mdr_test
n232,3668cd9…,Manualoverride,1841733c-86c1-421a-aea7-1a4e396be33c,mdr_test,20260215.171058,mdr_test
n233,standaard,Mapping,ca431a6f-02d5-46de-98e5-b1af85cdb68f,mdr_test,20260215.171058,mdr_test
n234,test,File,a1c9ba38-a739-4cae-acfb-b89aa90d455e,mdr_test,20260215.171058,mdr_test
n235,Kavel Oppervl…,Property,e2f054bd-131a-4427-ac78-d2d4b8959283,mdr_test,20260215.171058,mdr_test
n236,IfcDescri…,Filter,fcbd9f91-82a1-47d0-a0db-94dd47ec99c8,mdr_test,20260215.171058,mdr_test
n237,IfcName,Filter,b4dc20f9-8501-4cda-a7ad-067c73697ecb,mdr_test,20260215.171058,mdr_test
n238,Filterdata,Property,1341f895-8875-4a39-b092-a68612acab42,mdr_test,20260215.171058,mdr_test
n239,Settings voor de filter,Value,5c1961be-d70e-4860-a30f-dd442e678b89,mdr_test,20260215.171058,mdr_test
n240,Filterdata,Property,c80f2411-4c64-4cee-bee0-0b7160a3ab6c,mdr_test,20260215.171058,mdr_test
n241,Settings voor de filter,Value,85a3e5e4-8fd2-48f4-9bf7-5fe2321613a8,mdr_test,20260215.171058,mdr_test
n242,1,Value,346f39b0-6705-41ac-ae24-4daceb74a9a7,mdr_test,20260215.171058,mdr_test
n243,false,Value,f5d0348a-8cc1-4ad0-873c-727da6f57ffa,mdr_test,20260215.171058,mdr_test
n244,false,Value,6f4b0006-0898-44ea-8952-463443d91ba8,mdr_test,20260215.171058,mdr_test
n245,LabelSet,Labelset,8c6fb783-2473-456a-a43b-22d56fae80b7,mdr_test,20260215.171058,mdr_test
n246,ObjectSet,Objectset,7c1a2f19-4977-476c-b2cb-9f3bad124cdb,mdr_test,20260215.171058,mdr_test
n247,FilterSet,Filterset,c0947f71-1726-4ec3-b93a-b1649e605e40,mdr_test,20260215.171058,mdr_test
n248,Requireme…,Requirementset,10e279d7-38ab-4eeb-84f1-16526d9e754d,mdr_test,20260215.171058,mdr_test
n249,ExportSet,Exportset,84195290-8803-46b7-8bf8-4a6301540bc7,mdr_test,20260215.171058,mdr_test
n250,TO,Export,7795c599-0c89-46a3-a9ee-30ccf5a64cbe,mdr_test,20260215.171058,mdr_test
n251,Ruimte afwerks…,Export,b7d155b4-0e19-4477-a036-792cbebabc9b,mdr_test,20260215.171058,mdr_test
n252,Kleur- en Materi…,Export,3f41085c-cfff-417c-8439-16ec1392ce2d,mdr_test,20260215.171058,mdr_test
n253,Version,Property,253e5bab-9542-491d-aa4a-4cc5f7eb40bd,mdr_test,20260215.171058,mdr_test
n254,Compon…,Property,9c4d099a-8f93-4c88-8d56-bb976fd9769a,mdr_test,20260215.171058,mdr_test
n255,Version…,Property,8d11d42f-2e67-447e-870b-1b4f14bf5e1b,mdr_test,20260215.171058,mdr_test
n256,Status,Property,c88c857f-c7a8-4964-b160-bfb66f3ad790,mdr_test,20260215.171058,mdr_test
n257,Compon…,Property,f58884e3-8cbb-44ad-9cb7-73a638f36de0,mdr_test,20260215.171058,mdr_test
n258,Phase,Property,fa8a5d3b-0a88-4df5-a317-3926f233d848,mdr_test,20260215.171058,mdr_test
n259,Author,Property,bdaf6951-0b4d-46bc-bc3e-52b6cce16449,mdr_test,20260215.171058,mdr_test
n260,Compon…,Property,244046a3-5929-4ed5-a143-a4e573afe923,mdr_test,20260215.171058,mdr_test
n261,Version,Property,b7e2faf6-82fc-441e-846e-6cdea921377e,mdr_test,20260215.171058,mdr_test
n262,Version…,Property,850c0b82-731e-43f2-a436-feefb892d13c,mdr_test,20260215.171058,mdr_test
n263,Docume…,Property,d8e6c71c-11c3-4437-af87-3115e8fa77b7,mdr_test,20260215.171058,mdr_test
n264,Phase,Property,fdc1ecb1-c1dc-4d6d-b9ac-d16d7dade49c,mdr_test,20260215.171058,mdr_test
n265,Author,Property,4a87225a-72d9-4c06-b022-968d33368676,mdr_test,20260215.171058,mdr_test
n266,Status,Property,9e8e6fba-4634-4991-b185-0faf0d723304,mdr_test,20260215.171058,mdr_test
n267,DocumentSet,Documentset,1744a19d-bb65-4ecb-b2b9-bdd366b2a6b9,mdr_test,20260215.171058,mdr_test
n268,MappingSet,Mappingset,c3e2ca76-47c2-413a-a452-e372a4d0c270,mdr_test,20260215.171058,mdr_test
n269,UserSet,Userset,5a3a8c2a-bf8f-443b-92da-c38dba472077,mdr_test,20260215.171058,mdr_test
n270,TOSet,Toset,7027defc-1112-4272-bf5f-8389079c7719,mdr_test,20260215.171058,mdr_test
n271,Ontwikk…,To,8a547864-ee3d-4952-b39f-66e4f61459d8,mdr_test,20260215.171058,mdr_test
n272,false,Value,c95d348c-9b40-4d4a-8f4c-b06beaa3cac5,mdr_test,20260215.171058,mdr_test
n273,false,Value,9f2ff858-3ad9-4e45-b4c1-ff59842a2b8a,mdr_test,20260215.171058,mdr_test
n274,TIM Template v1,Value,4de801f6-56db-4bfa-8121-11827fff58a4,mdr_test,20260215.171058,mdr_test
n275,false,Value,9e546347-fa19-4e98-b1b1-7577f8c2b03d,mdr_test,20260215.171058,mdr_test
n276,false,Value,8d382c05-f891-45c8-8508-684b92c78d42,mdr_test,20260215.171058,mdr_test
n277,bf0001,Value,f0f996d2-54d1-4885-9708-48c87431f3da,mdr_test,20260215.171058,mdr_test
n278,ModelSet,Modelset,86ffbcf5-0a3f-4a14-b3f0-879692efad70,mdr_test,20260215.171058,mdr_test
n279,Bouwku…,Model,e89f9974-6007-41a5-a9ed-a21be3344839,mdr_test,20260215.171058,mdr_test
n280,00000_J…,Document,cadf80bf-c727-4af4-854c-77125244e8aa,mdr_test,20260215.171058,mdr_test
n281,IfcClassification,IfcClassifications,5b7f282b-7495-43cc-9c4b-34a0fccba88c,mdr_test,20260215.171058,mdr_test
n282,IfcQuantities,Unknown,e3446066-1bdd-47d0-aa02-dcb3fe1c2cd6,mdr_test,20260215.171058,mdr_test
n283,Ifc Properties,IfcProperties,261dce93-1d37-458f-81fa-10124ab31196,mdr_test,20260215.171058,mdr_test
n284,IfcUnits,IfcUnits,5a280533-331e-43d8-9a8b-562b904b0f30,mdr_test,20260215.171058,mdr_test
n285,IfcMaterials,IfcMaterials,2c7008fa-4557-4e64-bd2a-03b90f2b605e,mdr_test,20260215.171058,mdr_test
n286,IfcProject,IfcClass,ddfd1382-33de-4653-9130-ad01e3cfa5a9,mdr_test,20260215.171058,mdr_test
n287,ObjectT…,IfcAttribute,a11c7b14-07d9-41b8-bc22-dd07dcb1b968,mdr_test,20260215.171058,mdr_test
n288,Phase,IfcAttribute,37b2c6f8-d9c2-400b-b104-3ebdf0b814dc,mdr_test,20260215.171058,mdr_test
n289,IfcSite,IfcClass,0874f80a-5486-4f2c-9e0f-84eed32cd478,mdr_test,20260215.171058,mdr_test
n290,GlobalId,IfcAttribute,10af5225-94ac-497f-9edf-1ffea91ba527,mdr_test,20260215.171058,mdr_test
n291,LongNa…,IfcAttribute,df616da8-94f3-4795-8720-3ace981b337b,mdr_test,20260215.171058,mdr_test
n292,Source,IfcAttribute,26f903f7-0ebb-4b2a-8c11-427e1b0eef7f,mdr_test,20260215.171058,mdr_test
n293,Edition,IfcAttribute,00fc1454-d9c6-4349-b1c3-699cf9027c88,mdr_test,20260215.171058,mdr_test
n294,Name,IfcAttribute,cf43eb9e-b603-47a1-8e58-71ac1703724f,mdr_test,20260215.171058,mdr_test
n295,vloeren; niet constr…,IfcClassification,a81771d4-2b4b-4d37-970a-93d2944401cc,mdr_test,20260215.171058,mdr_test
n296,IfcBuilding,IfcClass,6b685f50-bf4e-4196-b554-1338c924f2d4,mdr_test,20260215.171058,mdr_test
n297,GlobalId,IfcAttribute,d777e0b0-8437-4deb-85b7-f47dd21570ef,mdr_test,20260215.171058,mdr_test
n298,Name,IfcAttribute,bbe0d32b-2f0d-4ba9-9b6c-40a0419a72ee,mdr_test,20260215.171058,mdr_test
n299,Compos…,IfcAttribute,20ea44e4-fc27-473c-afc8-5358d636e306,mdr_test,20260215.171058,mdr_test
n300,LandTitl…,IfcAttribute,93e43132-52a0-4156-a32f-5968f422fe51,mdr_test,20260215.171058,mdr_test
n301,LongNa…,IfcAttribute,a55cb907-d773-41fb-ac9e-2a4b95411527,mdr_test,20260215.171058,mdr_test
n302,ObjectT…,IfcAttribute,35595552-eaec-4bb6-b1b1-12729c07bb71,mdr_test,20260215.171058,mdr_test
n303,RefElev…,IfcAttribute,d768cca1-0a5f-4e19-855b-b2fe30f7ff9b,mdr_test,20260215.171058,mdr_test
n304,GlobalId,IfcAttribute,f22b990b-46df-4cb7-b257-aa6dbe26c01f,mdr_test,20260215.171058,mdr_test
n305,Compos…,IfcAttribute,1f4af517-2c2e-4760-bf23-62bf5ed4da78,mdr_test,20260215.171058,mdr_test
n306,Elevatio…,IfcAttribute,5b78c64a-ce94-4de5-b78f-1a7c975259e4,mdr_test,20260215.171058,mdr_test
n307,Elevatio…,IfcAttribute,5e19640e-d6fd-40fd-a8be-2d313b3e19b0,mdr_test,20260215.171058,mdr_test
n308,LongNa…,IfcAttribute,6b588aa9-1b41-477b-873f-873c9670420f,mdr_test,20260215.171058,mdr_test
n309,ObjectT…,IfcAttribute,de68e6df-deeb-4341-ba7a-07861129ea59,mdr_test,20260215.171058,mdr_test
n310,IfcBuildingS…,IfcClass,34b429b4-75d7-4d25-99f5-fc5ee7d48f31,mdr_test,20260215.171058,mdr_test
n311,IfcSlab,IfcClass,e7c06b0a-e4d7-46c1-ae58-43fb08a2805a,mdr_test,20260215.171058,mdr_test
n312,GlobalId,IfcAttribute,be1d5647-a26c-4194-bbe7-68c177ea6d2a,mdr_test,20260215.171058,mdr_test
n313,Name,IfcAttribute,a72c8259-f16f-4d76-8c1e-0e52f8fe8367,mdr_test,20260215.171058,mdr_test
n314,Compos…,IfcAttribute,862d8fe2-efca-470f-bd00-09f04d30a40b,mdr_test,20260215.171058,mdr_test
n315,Elevation,IfcAttribute,d4df130a-fbcc-4d2a-b35c-ddf989c2e9ba,mdr_test,20260215.171058,mdr_test
n316,LongNa…,IfcAttribute,ed17c71f-e782-49ee-b9e1-b8d64bc087a2,mdr_test,20260215.171058,mdr_test
n317,ObjectT…,IfcAttribute,bd8ff6b1-a102-4701-a93d-a125567e44f0,mdr_test,20260215.171058,mdr_test
n318,GlobalId,IfcAttribute,c8c909ba-29bc-431c-b1eb-380cf2ba865e,mdr_test,20260215.171058,mdr_test
n319,Name,IfcAttribute,84f1a973-6aed-48a2-9ef3-835dab9c742a,mdr_test,20260215.171058,mdr_test
n320,ObjectT…,IfcAttribute,29826e98-ccb0-4444-a5ef-4851b36ddf1e,mdr_test,20260215.171058,mdr_test
n321,Predefin…,IfcAttribute,3ef1ab99-523b-4625-9819-4a27d6c971ea,mdr_test,20260215.171058,mdr_test
n322,Tag,IfcAttribute,195c9138-70c4-4031-b9fc-44dab8bb9ad0,mdr_test,20260215.171058,mdr_test
n323,JaJo_PRO…,IfcPropertyset,af9f73ce-1a2d-47b0-b495-b40172708764,mdr_test,20260215.171058,mdr_test
n324,Version,Property,daceb754-13ad-45e4-ab2e-1d66d355a70d,mdr_test,20260215.171058,mdr_test
n325,Introduct…,Property,2b20bfa0-b544-40c4-9714-a8189dbaa2ca,mdr_test,20260215.171058,mdr_test
n326,Status,Property,24831bc5-6f4d-4d79-96dc-678da59dd639,mdr_test,20260215.171058,mdr_test
n327,Created…,Property,0dcaba1b-40de-43bf-b907-511b897f9aac,mdr_test,20260215.171058,mdr_test
n328,Compon…,Property,49416f92-a151-4f06-8261-f10d195e79fe,mdr_test,20260215.171058,mdr_test
n329,Version…,Property,70a74fbd-828e-4d2a-b657-bf22239510fd,mdr_test,20260215.171058,mdr_test
n330,Compon…,Property,4cd03147-69fa-43e4-af47-0a742615ed9f,mdr_test,20260215.171058,mdr_test
n331,Checke…,Property,30c31db1-7a12-4c82-b7b1-5f572379510e,mdr_test,20260215.171058,mdr_test
n332,IsShared,Property,8f43311c-5724-49a2-aeda-930ef0ce8e36,mdr_test,20260215.171058,mdr_test
n333,IsPrivate,Property,99e7b8d1-b557-44f8-a77b-4d860fb8176c,mdr_test,20260215.171058,mdr_test
n334,Ontwikk…,Classification,deb6fee6-c3bf-41e9-b91f-05eeabbb28ff,mdr_test,20260215.171058,mdr_test
n335,start,Classification,0f5114bb-e8b4-43b5-9880-e2e3eee3a6ec,mdr_test,20260215.171058,mdr_test
n336,00.00 Coordin…,Classificationset,912ee773-97f9-4e54-a0cf-4e1a55654958,mdr_test,20260215.171058,mdr_test
n337,Node_337,Manualoverride,0b8e23cc-faf5-47d6-b7dc-9a295ea0a031,mdr_test,20260215.171058,mdr_test
n338,Coordin…,Mapping,ae477e73-4ed0-42df-8361-bd537834f2a3,mdr_test,20260215.171058,mdr_test
n339,Max. diepte,Property,787e20ee-0d25-4c56-8fd4-ae81c904ea48,mdr_test,20260215.171058,mdr_test
n340,Kavel Oppervl…,Property,71236ac2-b8b7-4af5-b9a5-e96a8d716040,mdr_test,20260215.171058,mdr_test
n341,TO,Label,86c66ceb-08aa-4e94-9815-9ced97ebb027,mdr_test,20260215.171058,mdr_test
n342,12000,Value,5b48c4ec-4b9e-4e51-8eff-621858374c04,mdr_test,20260215.171058,mdr_test
n343,Name,Filter,29824011-2ff1-49f1-964a-98e2de413dfc,mdr_test,20260215.171058,mdr_test
n344,1,Value,71f76cd5-5a39-4fb0-b68b-2c64af4facd2,mdr_test,20260215.171058,mdr_test
n345,Filterdata,Property,d1d5acbe-ad92-47d3-83bd-b3bc7f893c6b,mdr_test,20260215.171058,mdr_test
n346,Settings voor de filter,Value,d0d7da4a-50ec-45c0-b895-aac5acdf58b4,mdr_test,20260215.171058,mdr_test
n347,false,Value,51a06639-5da6-4035-a208-a51cf9849252,mdr_test,20260215.171058,mdr_test
n348,false,Value,de940e13-cf85-4c7c-b733-0a7fcd0f0614,mdr_test,20260215.171058,mdr_test
n349,30-01-2…,Value,91592a78-64f1-49bc-bd49-9c368a404411,mdr_test,20260215.171058,mdr_test
n350,Concept,Value,05c141fe-05a0-46b1-97df-52cc1636daf2,mdr_test,20260215.171058,mdr_test
n351,versie 0.9,Value,4891309c-7568-4c03-8c96-0de134f832d6,mdr_test,20260215.171058,mdr_test
n352,Martijn de Riet,Value,43cfe1df-f238-497e-833e-7f719fe5206d,mdr_test,20260215.171058,mdr_test
n353,01 Name,Value,4f5a30e2-da70-4fd4-a855-df4fd6add42f,mdr_test,20260215.171058,mdr_test
n354,Dit is een hardc…,Value,1cdbe150-f493-4c13-900b-adbd431366fb,mdr_test,20260215.171058,mdr_test
n355,Martijn de Riet,Value,248cf6cc-b60c-4332-a8b6-b999004d50d5,mdr_test,20260215.171058,mdr_test
n356,02 Type,Value,e51edb7d-7599-44f7-9835-33efbc56c5c3,mdr_test,20260215.171058,mdr_test
n357,12345,Value,993a2710-a2f7-42c9-b7b9-48182ca21f9f,mdr_test,20260215.171058,mdr_test
n358,1.0,Value,185377d6-25dc-4c33-a51c-78bc8be9a4a7,mdr_test,20260215.171058,mdr_test
n359,Martijn de Riet,Value,703e77cf-e55b-4eac-8f0d-dadcd3ab8c8a,mdr_test,20260215.171058,mdr_test
n360,01-02-2…,Value,3e33281f-4ed1-4295-a17a-d763d63cee20,mdr_test,20260215.171058,mdr_test
n361,Default Phase,Value,026e655f-e614-4bed-bdff-ced22518baa7,mdr_test,20260215.171058,mdr_test
n362,Voorlopig,Value,afbeae1f-88d0-4d05-937f-d40be9c92ddf,mdr_test,20260215.171058,mdr_test
n363,03 Name,Value,0df08047-1e21-4465-bbf0-a8446668bf7f,mdr_test,20260215.171058,mdr_test
n364,01-02-2…,Value,8fe085cd-9cbe-4318-8967-898c93d32807,mdr_test,20260215.171058,mdr_test
n365,01 Oppervl…,Value,2af5e4aa-62df-4397-8cd4-b3f74a542a3e,mdr_test,20260215.171058,mdr_test
n366,Martijn de Riet,Value,72214b46-1618-4885-8a64-bf2a999502c2,mdr_test,20260215.171058,mdr_test
n367,Default Phase,Value,3ee354c1-8421-482a-b5cd-e9bf793d1feb,mdr_test,20260215.171058,mdr_test
n368,Voorlopig,Value,ad828a6e-1465-4524-b760-a1d8b9c9f1e1,mdr_test,20260215.171058,mdr_test
n369,04 Nummer,Value,79281091-6cb9-4f50-9e32-97392a22d964,mdr_test,20260215.171058,mdr_test
n370,1.0,Value,5d7d4472-d1b9-4f71-9033-86f513f2daa0,mdr_test,20260215.171058,mdr_test
n371,1,Value,519ef3cd-f214-49ce-9731-b0a652a39cf0,mdr_test,20260215.171058,mdr_test
n372,Node_372,Value,debb61f2-4f34-435a-8ae5-98b2b1bb3e48,mdr_test,20260215.171058,mdr_test
n373,1_Zc3an…,Value,cd57d2dc-7254-41db-bea7-d535fc78c1cd,mdr_test,20260215.171058,mdr_test
n374,Node_374,Value,11019d51-701f-44ce-9b1b-909c268b96d1,mdr_test,20260215.171058,mdr_test
n375,Node_375,Value,79d39d23-4cbf-4b63-9662-37391105021f,mdr_test,20260215.171058,mdr_test
n376,1_Zc3an…,Value,58791043-5bb7-4d9e-8435-61318c2a74b0,mdr_test,20260215.171058,mdr_test
n377,Node_377,Value,225a3da0-a745-42cd-bbcb-53186773e745,mdr_test,20260215.171058,mdr_test
n378,ELEME…,Value,c71f23e4-987c-4919-a3a9-7b2b27380c05,mdr_test,20260215.171058,mdr_test
n379,Node_379,Value,ddaf415d-7ca1-4403-8b56-fd64b242c02f,mdr_test,20260215.171058,mdr_test
n380,Default,Value,f2e21983-f7d2-4497-af06-956e6e5d6c7d,mdr_test,20260215.171058,mdr_test
n381,Node_381,Value,e3fd0e4e-2722-4b77-8cfb-5f2fe557782d,mdr_test,20260215.171058,mdr_test
n382,0.0,Value,f6aa87c6-f7ce-4ab4-abaa-f4c722179ac7,mdr_test,20260215.171058,mdr_test
n383,https://w…,Value,74ebe015-f4f9-4f03-97c1-6d7e52ac3836,mdr_test,20260215.171058,mdr_test
n384,Uniformat,Value,0c5e01b6-5b91-4b31-a7a6-441622243c6c,mdr_test,20260215.171058,mdr_test
n385,1998,Value,016eadf9-8d3a-49a6-bb67-35a4836c4a76,mdr_test,20260215.171058,mdr_test
n386,Node_386,Value,e9b9de8f-3f9d-44d7-998b-052bdfee664b,mdr_test,20260215.171058,mdr_test
n387,Node_387,Value,73500919-54d6-407a-a8ce-5a8c0b4472ba,mdr_test,20260215.171058,mdr_test
n388,Node_388,Value,5e942a29-1154-4759-a5c2-e61e69edc3d6,mdr_test,20260215.171058,mdr_test
n389,Node_389,Value,c1b75bc1-0926-4b8d-b219-29536f9fd807,mdr_test,20260215.171058,mdr_test
n390,ELEME…,Value,80d1066f-9f07-4b39-99e8-8c16c7a4875a,mdr_test,20260215.171058,mdr_test
n391,1_Zc3an…,Value,f9439fcf-e178-4390-a8ba-c9397f943f80,mdr_test,20260215.171058,mdr_test
n392,Level:00…,Value,51e7119d-634e-4efe-9590-3ad032b26a71,mdr_test,20260215.171058,mdr_test
n393,3600.0,Value,e44f960d-f889-428f-a19a-f70ed2bed1d9,mdr_test,20260215.171058,mdr_test
n394,01 eerste verdie…,Value,21f4586e-a1e3-41a8-b888-37fcec22351e,mdr_test,20260215.171058,mdr_test
n395,01 eerste verdie…,Value,bc6296f9-31fa-4ee9-9407-ca8f8c5eb221,mdr_test,20260215.171058,mdr_test
n396,2YfB7Z0…,Value,0bfd7dd2-0146-4a2c-8766-9e2a5e0f43bd,mdr_test,20260215.171058,mdr_test
n397,ELEME…,Value,bbd5d5af-0155-4303-b568-5a8e910ca6a2,mdr_test,20260215.171058,mdr_test
n398,01 Name,IfcProperty,ef21c8ac-f337-4f0f-81d5-d30f45506321,mdr_test,20260215.171058,mdr_test
n399,02 Type,IfcProperty,dee6ce86-2435-4ff9-b4f4-c8feeb5282c8,mdr_test,20260215.171058,mdr_test
n400,IsExternal,IfcProperty,f49225e7-2267-4cc1-a8e7-c2668a3906f1,mdr_test,20260215.171058,mdr_test
n401,LoadBe…,IfcProperty,9aaba7a0-e65d-47fa-adc1-cecbf6fa0907,mdr_test,20260215.171058,mdr_test
n402,GlobalId,IfcAttribute,1134fbc0-8f0d-4064-929f-eb14836b2e1d,mdr_test,20260215.171058,mdr_test
n403,Name,IfcAttribute,63ec73e9-5a0d-4cf1-889e-8f239dc2be46,mdr_test,20260215.171058,mdr_test
n404,FLOOR,Value,48bb46a0-9dea-41aa-95c9-7f14839da802,mdr_test,20260215.171058,mdr_test
n405,Floor:NL…,Value,d16afcc7-d091-4e28-a64f-90ca0957af9f,mdr_test,20260215.171058,mdr_test
n406,prefab beton galerij,Value,82b96b92-4b5c-4aee-b62d-881bb11b0197,mdr_test,20260215.171058,mdr_test
n407,Floor:NL…,Value,b46c6169-d78b-4e78-86ae-0c2a6f0abaa3,mdr_test,20260215.171058,mdr_test
n408,1oilaVp…,Value,e029d817-2b95-4efc-b899-ee83c4c15ef9,mdr_test,20260215.171058,mdr_test
n409,prefab beton galerij,Value,dec13337-ffdd-462d-a42c-d7ba8a8f2289,mdr_test,20260215.171058,mdr_test
n410,false,Value,23dea5d3-4f89-482b-b2f1-0f1fa0983f50,mdr_test,20260215.171058,mdr_test
n411,260mm,Value,67be2744-45ef-46ef-bccf-8aa70ec70ffe,mdr_test,20260215.171058,mdr_test
n412,true,Value,d827fa0d-8b52-4f66-beb4-4ecb86f58445,mdr_test,20260215.171058,mdr_test
n413,JaJo_P…,Value,92c9bd51-b723-41d2-a776-ccfb1958e073,mdr_test,20260215.171058,mdr_test
n414,3raSRv…,Value,959bdc5c-ddef-4a39-b866-b9c771ec7ce0,mdr_test,20260215.171058,mdr_test
n415,Text,Propertytemplate,894db8f3-ac63-4b20-a9e7-17b2529a36f5,mdr_test,20260215.171058,mdr_test
n416,Integer,Propertytemplate,3985c1b9-d35c-46f5-93c4-7e1a68284087,mdr_test,20260215.171058,mdr_test
n417,Enumer…,Propertytemplate,37dbc082-ae0b-424b-8c2b-43999d20b9e3,mdr_test,20260215.171058,mdr_test
n418,Length,Propertytemplate,21c39e75-67f0-44ce-8635-0f4dc2892146,mdr_test,20260215.171058,mdr_test
n419,Area,Propertytemplate,f1ed0d54-9ef7-4f94-bc1a-926bd4d7b7fd,mdr_test,20260215.171058,mdr_test
n420,Boolean,Propertytemplate,bba81ef6-3bb0-4355-922b-643502d1ba68,mdr_test,20260215.171058,mdr_test
n421,U Value,Propertytemplate,a3ba3c75-f37a-47e9-a384-ee665462fd71,mdr_test,20260215.171058,mdr_test
n422,R Value,Propertytemplate,574a7d97-9ad6-49ed-9e15-5c143fe7b235,mdr_test,20260215.171058,mdr_test
n423,Acoustic…,Propertytemplate,0a4b6978-d283-4aa8-80e3-e6b57475b979,mdr_test,20260215.171058,mdr_test
n424,URL,Propertytemplate,de6003f2-ea7f-4425-909e-e90a4f55369c,mdr_test,20260215.171058,mdr_test
n425,Coordin…,Propertytemplate,1d8426d7-edcf-4aff-9d1c-e45731b0033e,mdr_test,20260215.171058,mdr_test
n426,Datum,Propertytemplate,b01fcd5d-015a-4926-8bd8-28c1c0127b35,mdr_test,20260215.171058,mdr_test
n427,Number,Propertytemplate,7ada537d-86da-4ac3-a3b6-5880f270a991,mdr_test,20260215.171058,mdr_test
n428,Volume,Propertytemplate,d1c0ef10-b8f2-4a6e-8848-883e77b3f3de,mdr_test,20260215.171058,mdr_test
n429,Opening,Propertytemplate,3ea4394b-a4ea-416e-beef-526424531f0b,mdr_test,20260215.171058,mdr_test
n430,99.99,Value,b08accb6-4537-40e8-b5ae-752a80f04999,mdr_test,20260215.171058,mdr_test
n431,99.99,Value,c4809494-417c-4e67-9896-ecd496941ce3,mdr_test,20260215.171058,mdr_test
n432,dummy waarde 2,Value,774a27ac-bd13-4e79-8946-d6d36b13af29,mdr_test,20260215.171058,mdr_test
n433,default,Value,642bbbd1-96ca-4f32-8c26-7d8d74391f70,mdr_test,20260215.171058,mdr_test
n434,99.99,Value,90b4c0a0-142a-4894-9879-43f7b9d9469d,mdr_test,20260215.171058,mdr_test
n435,"0,0,0",Value,d8466098-c079-4f59-85a8-81cc586b0585,mdr_test,20260215.171058,mdr_test
n436,default,Value,ca80423d-75c7-4011-a635-883c3500e60b,mdr_test,20260215.171058,mdr_test
n437,99.99,Value,da43820e-72ff-4684-aa43-5b3b12e82fe8,mdr_test,20260215.171058,mdr_test
n438,99.99,Value,bf5e81f2-3397-4031-bbfc-b391d356fd79,mdr_test,20260215.171058,mdr_test
n439,sparings…,Value,2a5c1183-edde-4736-9c8e-016c9e76c05e,mdr_test,20260215.171058,mdr_test
n440,99,Value,dca0bbc0-4cbc-472c-8c33-8eec47b1f14a,mdr_test,20260215.171058,mdr_test
n441,99,Value,b72cad8a-8480-4266-91c3-56022b100e8c,mdr_test,20260215.171058,mdr_test
n442,99.99,Value,d84e9962-4cc1-4f3c-aba7-8830405caedb,mdr_test,20260215.171058,mdr_test
n443,true,Value,86003c1a-2418-421b-a3e2-340499b59a59,mdr_test,20260215.171058,mdr_test
n444,2022-10…,Value,664bc67a-c6d7-4e3c-865b-10a23e73113c,mdr_test,20260215.171058,mdr_test
n445,Eigenschap…,IfcPropertyset,9e6697d2-52c7-460e-b86c-e26e4cbcaf97,mdr_test,20260215.171058,mdr_test
